experience,skills_count,skill_match,education_score,interview_score,selected
1,2,65,65,54,0
1,12,99,55,77,1
0,3,57,64,72,0
8,5,99,76,54,1
4,2,50,94,67,0
2,5,73,56,45,0
5,7,63,52,86,1
1,8,40,85,58,0
5,11,54,95,44,1
3,6,40,64,95,0
4,9,76,60,63,1
4,12,39,88,80,1
3,4,89,74,57,1
8,5,71,53,54,1
5,8,64,54,53,1
5,5,93,75,96,1
7,4,63,58,55,1
8,6,84,87,65,1
2,10,93,55,88,1
1,4,50,93,67,0
6,8,89,83,56,1
0,12,44,93,96,1
4,12,73,57,58,1
7,2,63,82,88,1
1,12,68,90,72,1
2,7,50,84,89,1
0,11,71,81,41,0
5,6,60,53,55,1
1,3,92,54,88,0
2,4,90,85,50,0
6,5,99,94,52,1
6,12,77,78,97,1
1,5,58,54,61,0
8,5,58,50,44,1
0,5,38,52,95,0
8,5,65,92,71,1
2,11,90,65,90,1
6,5,42,56,82,0
6,8,89,53,83,1
1,2,81,71,91,1
3,5,54,84,68,0
2,6,89,65,95,1
7,10,42,53,81,1
0,3,60,60,66,0
3,8,37,60,64,0
6,6,88,68,67,1
8,12,92,59,52,1
0,11,99,53,87,1
0,11,91,82,98,1
2,2,95,55,94,0
1,12,60,75,47,1
3,11,35,89,45,0
8,7,63,63,82,1
3,6,80,58,82,1
7,7,39,50,69,1
1,3,98,63,72,0
5,3,61,73,58,0
8,6,97,50,82,1
4,12,43,58,56,0
1,10,49,67,58,0
5,5,63,82,71,0
0,3,84,67,42,0
2,12,63,60,87,1
6,10,31,57,44,1
2,10,34,73,77,0
6,4,35,69,63,1
0,7,56,93,55,0
5,10,82,89,87,1
3,4,52,76,41,0
5,8,61,67,50,1
1,8,34,80,54,0
7,7,69,64,54,1
3,8,72,67,95,1
4,7,95,75,83,1
8,7,33,57,96,1
2,11,63,52,46,1
5,7,85,88,72,1
3,6,35,95,67,0
8,12,55,73,67,1
5,11,70,92,94,1
4,10,69,92,66,1
4,10,46,62,66,1
6,12,52,89,76,1
8,2,68,68,53,1
5,9,86,78,83,1
7,4,40,68,72,1
5,3,60,93,59,0
3,4,33,52,55,0
1,9,83,90,76,1
6,9,81,65,49,1
0,3,84,64,51,0
8,9,36,85,55,1
1,9,47,79,82,0
8,11,70,78,79,1
8,8,100,78,97,1
7,9,63,65,93,1
8,9,60,67,68,1
4,5,64,71,60,1
1,4,49,64,64,0
3,3,83,76,61,0
6,2,56,76,64,1
0,11,78,80,40,1
4,8,83,84,87,1
3,9,58,67,67,1
6,7,81,60,93,1
2,11,98,51,98,1
0,3,84,58,95,0
0,6,78,70,53,0
5,8,65,76,56,1
7,2,99,53,100,1
1,12,35,51,100,0
0,11,49,65,48,0
1,11,57,79,84,0
5,4,44,60,59,0
0,6,78,75,100,1
1,11,61,56,84,1
1,11,35,72,74,0
5,3,94,91,61,1
6,9,43,77,63,1
7,4,85,61,86,1
4,11,98,80,69,1
4,7,61,55,57,1
3,9,78,71,41,1
5,4,92,63,62,1
5,6,65,85,40,1
3,3,60,76,71,0
3,9,92,78,90,1
4,5,81,94,55,1
5,9,100,83,62,1
8,7,75,94,69,1
4,5,45,62,60,0
8,4,54,63,87,1
8,11,66,56,93,1
3,7,52,69,40,0
2,6,35,53,75,0
2,12,92,56,95,1
4,9,91,78,61,1
0,6,91,57,92,0
7,3,36,59,49,0
4,3,61,57,75,1
3,10,78,78,98,1
6,6,37,89,87,0
3,12,57,66,82,1
3,4,100,54,50,0
7,11,90,68,42,1
4,9,39,93,54,1
3,8,44,84,54,0
4,4,39,53,50,0
4,9,45,79,84,1
6,6,94,84,71,1
0,8,71,88,56,0
3,12,32,93,92,1
0,4,90,83,81,0
4,4,85,90,92,1
1,9,74,76,61,0
1,4,72,76,84,0
6,10,34,79,45,0
5,3,81,82,92,1
8,9,82,53,52,1
7,12,86,53,53,1
2,6,86,94,71,0
3,4,69,85,40,0
1,5,44,79,100,0
2,9,67,82,85,1
7,9,61,79,75,1
3,11,95,58,95,1
6,7,94,67,92,1
4,11,92,59,68,1
5,7,100,84,64,1
5,5,60,86,64,0
6,2,70,80,85,1
6,8,49,81,42,0
5,3,86,56,73,1
0,4,82,91,49,0
4,7,80,91,45,1
8,8,70,90,85,1
7,10,34,89,44,1
4,5,41,77,46,0
1,9,51,94,59,1
0,7,37,68,62,0
2,5,97,76,76,1
2,4,52,55,79,0
3,9,48,64,69,1
7,6,31,79,97,1
8,4,39,78,100,1
4,12,84,94,56,1
4,5,79,80,46,0
5,11,67,94,58,1
6,6,31,86,95,1
0,11,93,68,89,1
5,5,54,89,56,1
2,12,42,90,81,0
7,2,76,58,45,1
5,8,52,62,48,1
5,10,94,67,93,1
7,6,73,57,69,1
2,5,80,85,63,0
6,2,63,84,47,0
4,11,78,90,100,1
3,9,33,89,96,1
5,11,58,91,44,1
7,6,82,57,48,1
0,6,93,57,46,0
8,4,79,79,63,1
8,8,49,76,81,1
7,11,82,67,42,1
3,9,86,65,94,1
5,10,75,53,65,1
1,9,41,92,53,0
0,2,72,65,48,0
3,3,100,63,77,1
3,7,48,88,40,0
2,4,99,66,91,1
0,4,31,72,90,0
5,2,52,66,43,0
6,10,44,54,70,1
5,10,43,78,72,1
0,12,96,69,69,1
0,2,91,75,67,0
7,9,39,55,60,1
1,4,65,89,80,0
5,8,97,68,69,1
6,3,44,91,81,1
8,5,85,78,96,1
5,9,81,76,86,1
6,7,62,73,49,1
7,3,41,55,45,0
5,4,37,87,75,0
1,8,75,92,100,1
0,6,69,72,46,0
3,4,91,64,94,1
8,7,44,67,76,1
6,10,33,88,99,1
4,2,53,67,84,0
5,7,30,61,95,0
6,3,48,90,41,0
8,5,78,76,69,1
5,6,71,86,78,1
0,4,50,89,43,0
4,9,84,81,78,1
4,5,95,57,62,1
4,12,92,83,82,1
3,8,37,50,53,0
3,4,62,68,60,0
7,8,52,58,64,1
3,10,75,54,65,1
0,8,32,79,98,0
5,11,84,86,65,1
6,6,44,75,41,1
2,11,88,94,98,1
6,3,61,77,77,1
1,8,69,71,54,0
2,3,95,90,47,0
3,7,74,91,92,1
1,4,62,62,51,0
1,4,93,79,88,1
7,12,71,90,60,1
1,9,86,90,59,1
0,7,94,54,59,0
0,2,77,68,44,0
1,11,94,74,69,1
0,9,54,70,78,0
2,2,87,56,91,1
5,3,94,91,51,0
7,9,97,83,79,1
5,6,79,76,89,1
0,12,72,54,61,0
6,6,62,92,98,1
2,7,40,87,82,0
5,6,80,58,78,1
1,6,78,91,90,1
2,12,97,55,81,1
8,7,32,73,59,0
3,7,92,62,54,1
2,3,67,56,72,0
8,2,73,89,48,1
2,4,53,94,89,0
2,9,35,76,63,0
3,9,66,78,54,1
4,9,54,73,83,1
7,9,66,74,72,1
2,5,47,66,43,0
5,10,43,95,94,1
1,6,40,60,57,0
8,4,85,55,100,1
7,7,33,76,43,0
5,5,79,55,63,1
5,3,72,59,48,0
7,4,90,78,79,1
1,2,62,63,93,0
8,8,44,68,55,1
0,5,83,90,90,1
1,3,93,88,74,0
8,11,60,95,49,1
0,11,75,65,76,1
1,10,76,54,73,1
8,10,32,74,95,1
6,7,62,51,62,1
5,5,43,87,87,1
2,2,75,84,61,0
2,12,89,94,70,1
2,3,88,52,58,0
3,2,70,69,72,0
8,9,62,52,88,1
4,7,36,91,61,0
5,8,81,78,97,1
5,4,93,94,71,1
8,6,40,77,45,1
2,10,67,70,46,0
4,6,87,88,85,1
7,7,87,52,86,1
5,11,85,67,80,1
0,3,81,73,72,0
2,2,48,88,83,0
0,4,38,65,89,0
5,8,34,88,49,1
5,7,86,54,76,1
5,8,70,91,57,1
1,2,53,81,73,0
8,3,63,66,85,1
4,9,55,57,48,1
7,4,86,55,91,1
5,12,74,95,44,1
4,6,50,95,85,1
2,7,95,64,47,1
2,5,93,51,63,1
5,9,100,58,79,1
1,6,80,95,86,1
6,8,39,58,60,1
7,9,96,72,48,1
8,12,53,58,67,1
0,3,96,59,59,0
5,5,74,83,97,1
1,6,55,90,75,0
4,11,98,55,72,1
2,4,73,86,42,0
0,3,35,91,89,0
3,11,83,89,80,1
8,6,68,80,55,1
6,6,88,54,84,1
7,8,91,79,53,1
2,7,70,72,65,0
5,10,43,70,55,1
4,9,61,59,46,0
6,11,83,65,95,1
5,11,70,62,88,1
8,9,93,69,71,1
6,10,88,65,53,1
0,2,66,81,78,0
7,6,98,50,94,1
2,6,76,75,63,0
0,11,54,73,75,0
6,10,87,85,57,1
1,4,42,75,63,0
5,10,76,59,52,1
6,10,35,52,42,0
5,9,96,79,49,1
8,4,71,89,60,1
4,11,73,82,93,1
7,11,68,80,92,1
5,12,44,76,77,1
0,11,90,66,81,1
3,2,91,60,73,1
6,4,61,52,76,1
1,5,32,78,60,0
6,5,82,82,89,1
7,2,47,83,53,0
7,10,78,70,51,1
8,7,99,72,83,1
4,11,91,62,55,1
4,5,68,68,85,0
7,7,91,72,75,1
4,6,45,86,83,1
6,7,48,68,42,0
1,7,86,91,56,1
3,5,98,67,99,1
4,4,43,89,87,0
3,2,97,64,80,0
1,8,72,95,70,0
2,2,100,60,66,1
7,9,55,68,60,1
0,3,59,84,87,0
0,4,83,61,99,1
6,9,53,68,96,1
4,11,43,71,58,1
8,10,93,58,94,1
4,5,44,71,50,0
4,4,31,71,90,0
3,4,81,77,72,0
6,12,42,61,48,1
3,2,63,74,55,0
4,7,68,87,86,1
4,12,76,94,55,1
1,9,69,60,65,1
4,3,67,73,79,0
2,9,49,79,87,1
5,8,100,80,88,1
3,5,40,83,68,0
5,3,44,53,93,0
8,5,98,59,50,1
8,9,44,93,53,1
7,3,95,78,91,1
2,10,83,79,76,1
7,12,69,51,65,1
0,5,39,52,67,0
1,10,37,54,99,0
4,8,53,58,89,1
6,7,78,78,95,1
6,8,40,93,82,1
2,12,74,57,51,1
6,10,46,64,93,1
0,6,89,93,86,1
8,8,59,65,69,1
4,5,44,52,91,0
0,5,56,54,46,0
7,11,36,65,87,1
7,5,99,63,88,1
0,4,94,68,54,0
5,11,71,65,59,1
8,5,82,69,57,1
2,12,84,85,71,1
5,12,78,83,60,1
6,4,68,74,51,1
7,5,58,69,94,1
7,2,82,76,75,1
6,5,62,63,61,1
7,7,41,84,86,1
0,6,78,93,78,1
1,5,57,80,53,0
5,6,31,63,99,0
1,9,61,94,78,1
6,5,100,70,89,1
7,10,75,69,56,1
7,9,42,80,88,1
3,7,70,76,42,0
3,4,32,66,75,0
6,6,49,62,61,0
3,9,100,91,100,1
4,9,92,79,50,1
5,4,47,84,71,0
8,12,37,83,42,1
1,12,36,50,66,0
3,3,49,50,53,0
5,2,91,92,71,0
8,10,82,50,41,1
4,10,66,51,72,1
6,4,43,56,73,0
3,11,97,66,92,1
6,3,77,75,69,1
3,6,40,91,94,1
0,3,81,74,64,0
0,12,31,94,50,0
6,12,72,86,94,1
8,2,59,63,97,1
7,6,35,54,83,1
8,11,34,61,99,1
0,5,48,95,92,0
1,6,50,86,55,0
6,12,99,71,64,1
2,3,94,72,43,0
3,3,73,88,89,1
6,7,33,90,57,1
7,9,59,72,75,1
6,4,78,55,89,1
3,3,40,67,49,0
2,8,70,73,46,0
4,9,76,67,46,1
2,8,87,85,75,1
1,2,41,72,75,0
5,8,31,68,66,0
1,10,61,86,73,0
6,4,47,67,59,0
2,3,51,77,57,0
7,3,76,66,100,1
7,11,55,79,46,1
0,8,72,89,64,1
5,9,72,77,92,1
2,6,71,88,100,1
7,7,52,75,60,1
7,11,61,70,64,1
6,7,44,86,52,1
8,4,100,51,100,1
3,9,67,94,44,1
6,12,93,58,80,1
4,12,49,95,67,1
1,9,91,87,65,1
6,10,34,73,84,1
8,11,40,56,89,1
5,4,35,86,81,0
6,7,85,56,40,1
3,10,96,85,77,1
3,9,77,75,69,1
8,4,74,51,70,1
6,3,44,59,62,0
7,5,96,80,62,1
7,9,70,54,59,1
1,2,73,91,46,0
2,5,96,61,75,0
8,8,89,64,91,1
2,4,85,75,41,0
